{"cameraMode":{"drawMode":0,"name":"Shaded","section":"Shading Mode"},"sceneLighting":true,"audioPlay":false,"sceneViewState":{"m_AlwaysRefresh":false,"showFog":true,"showSkybox":true,"showFlares":true,"showImageEffects":true,"showParticleSystems":true,"showVisualEffectGraphs":true,"m_FxEnabled":true},"in2DMode":false,"pivot":{"x":-8.396574974060059,"y":16.368160247802736,"z":-19.851552963256837},"rotation":{"x":0.32471591234207156,"y":-0.014186456799507141,"z":0.004871109966188669,"w":0.9456927180290222},"size":31.280715942382814,"orthographic":true}