{"cameraMode":{"drawMode":0,"name":"Shaded","section":"Shading Mode"},"sceneLighting":false,"audioPlay":false,"sceneViewState":{"m_AlwaysRefresh":false,"showFog":true,"showSkybox":false,"showFlares":true,"showImageEffects":true,"showParticleSystems":true,"showVisualEffectGraphs":true,"m_FxEnabled":true},"in2DMode":false,"pivot":{"x":-1.4167976379394532,"y":2.5790014266967775,"z":0.0000978708267211914},"rotation":{"x":0.3604941964149475,"y":0.19920846819877625,"z":-0.07909771054983139,"w":0.9078266620635986},"size":0.6680325865745544,"orthographic":false}