{"cameraMode":{"drawMode":0,"name":"Shaded","section":"Shading Mode"},"sceneLighting":false,"audioPlay":false,"sceneViewState":{"m_AlwaysRefresh":false,"showFog":true,"showSkybox":false,"showFlares":true,"showImageEffects":true,"showParticleSystems":true,"showVisualEffectGraphs":true,"m_FxEnabled":true},"in2DMode":false,"pivot":{"x":-3.121000051498413,"y":1.9017283916473389,"z":-0.26499998569488528},"rotation":{"x":0.3604941964149475,"y":0.19920846819877625,"z":-0.07909771054983139,"w":0.9078266620635986},"size":2.6270315647125246,"orthographic":false}