{"cameraMode":{"drawMode":0,"name":"Shaded","section":"Shading Mode"},"sceneLighting":false,"audioPlay":false,"sceneViewState":{"m_AlwaysRefresh":false,"showFog":true,"showSkybox":false,"showFlares":true,"showImageEffects":true,"showParticleSystems":true,"showVisualEffectGraphs":true,"m_FxEnabled":true},"in2DMode":false,"pivot":{"x":-65.26123809814453,"y":1.8515864610671998,"z":74.47866821289063},"rotation":{"x":0.405683308839798,"y":0.008226761594414711,"z":-0.0036498664412647487,"w":0.9139543771743774},"size":3.091003656387329,"orthographic":true}